Entry_Time,Entry_Price,Entry_Fee,Exit_Time,Exit_Price,Exit_Fee,PnL
2021-01-06 00:00:00,34182.5,17.09125,2021-01-10 16:00:00,37531.91,18.765955,3330.6440450000036
2021-01-10 20:00:00,38221.67,19.110834999999998,2021-01-11 00:00:00,35473.52,17.73676,-2765.8867600000012
2021-01-14 12:00:00,39580.96,19.79048,2021-01-15 08:00:00,38168.33,19.084165000000002,-1431.7141649999974
2021-01-19 08:00:00,37387.97,18.693985,2021-01-19 12:00:00,37376.48,18.68824,-30.178239999997963
2021-01-22 16:00:00,33608.99,16.804495,2021-01-22 20:00:00,32986.34,16.49317,-639.1431700000014
2021-01-23 16:00:00,32356.2,16.1781,2021-01-25 20:00:00,32253.68,16.12684,-118.64684000000044
2021-01-26 08:00:00,31807.99,15.903995000000002,2021-01-26 12:00:00,31764.99,15.882495,-58.882495
2021-01-26 20:00:00,32474.14,16.23707,2021-01-27 00:00:00,31817.08,15.90854,-672.9685399999977
2021-01-28 16:00:00,32564.08,16.282040000000002,2021-01-31 12:00:00,32875.93,16.437965000000002,295.4120349999985
2021-02-01 04:00:00,33827.0,16.9135,2021-02-01 12:00:00,33178.13,16.589064999999998,-665.4590650000026
2021-02-01 16:00:00,33867.65,16.933825000000002,2021-02-01 20:00:00,33546.09,16.773045,-338.333045000005
2021-02-02 00:00:00,33592.79,16.796395,2021-02-04 00:00:00,37565.17,18.782585,3953.5974149999975
2021-02-04 04:00:00,37884.43,18.942215,2021-02-04 08:00:00,37361.16,18.680580000000003,-541.9505799999968
2021-02-05 12:00:00,38006.64,19.00332,2021-02-05 16:00:00,37638.22,18.819110000000002,-387.2391099999983
2021-02-05 20:00:00,38362.65,19.181325,2021-02-07 00:00:00,38904.05,19.452025000000003,521.9479750000014
2021-02-07 04:00:00,39056.38,19.52819,2021-02-13 08:00:00,46656.62,23.328310000000002,7576.911690000005
2021-02-13 12:00:00,47127.31,23.563655,2021-02-13 16:00:00,46938.24,23.46912,-212.5391199999997
2021-02-13 20:00:00,47221.62,23.61081,2021-02-15 00:00:00,47165.18,23.58259,-80.02259000000232
2021-02-15 04:00:00,47294.44,23.64722,2021-02-22 00:00:00,55954.31,27.977155,8631.892844999995
2021-02-22 04:00:00,56489.93,28.244965,2021-02-22 08:00:00,54606.16,27.30308,-1911.0730799999967
2021-02-26 12:00:00,47620.54,23.81027,2021-02-26 16:00:00,47010.0,23.505,-634.0450000000009
2021-02-27 00:00:00,47483.02,23.741509999999998,2021-02-27 04:00:00,47198.4,23.5992,-308.21919999999534
2021-02-27 08:00:00,47330.24,23.665119999999998,2021-02-27 12:00:00,46573.05,23.286525,-780.476524999995
2021-03-01 12:00:00,49184.51,24.592255,2021-03-02 04:00:00,48345.01,24.172505,-863.672505
2021-03-02 08:00:00,48866.0,24.433,2021-03-02 12:00:00,48689.39,24.344695,-200.95469500000058
2021-03-03 04:00:00,49769.54,24.88477,2021-03-04 00:00:00,49611.69,24.805845,-182.65584499999855
2021-03-04 04:00:00,49708.93,24.854465,2021-03-04 08:00:00,49350.45,24.675224999999998,-383.1552250000032
2021-03-04 12:00:00,49438.63,24.719314999999998,2021-03-04 16:00:00,48019.76,24.009880000000003,-1442.8798799999954
2021-03-05 12:00:00,47888.0,23.944,2021-03-15 04:00:00,57830.61,28.915305,9913.694695
2021-03-16 12:00:00,55885.38,27.94269,2021-03-16 16:00:00,55782.36,27.891180000000002,-130.9111799999968
2021-03-16 20:00:00,56954.19,28.477095000000002,2021-03-17 00:00:00,55561.82,27.78091,-1420.1509100000026
2021-03-17 04:00:00,55862.73,27.931365000000003,2021-03-17 08:00:00,54878.05,27.439025,-1012.1190250000003
2021-03-17 12:00:00,54959.45,27.479725,2021-03-21 04:00:00,57011.46,28.50573,2023.504270000002
2021-03-22 04:00:00,57641.44,28.82072,2021-03-22 12:00:00,57121.2,28.5606,-548.8006000000053
2021-03-24 08:00:00,56591.65,28.295825,2021-03-24 12:00:00,56359.57,28.179785,-260.2597850000017
2021-03-27 16:00:00,55784.28,27.89214,2021-03-31 00:00:00,58695.91,29.347955000000002,2882.2820450000045
2021-04-05 12:00:00,59098.01,29.549005,2021-04-05 16:00:00,59082.46,29.54123,-45.09123000000291
2021-04-05 20:00:00,59243.39,29.621695,2021-04-06 00:00:00,58681.45,29.340725,-591.2807250000023
2021-04-10 04:00:00,60614.65,30.307325000000002,2021-04-16 04:00:00,61513.57,30.756785,868.1632149999982
2021-04-19 04:00:00,57325.01,28.662505000000003,2021-04-19 08:00:00,57160.59,28.580295,-193.00029500000554
2021-04-26 16:00:00,54026.17,27.013085,2021-04-26 20:00:00,53984.33,26.992165,-68.83216499999651
2021-04-27 04:00:00,54524.36,27.26218,2021-04-27 16:00:00,54755.19,27.377595000000003,203.45240500000173
2021-04-27 20:00:00,55006.25,27.503125,2021-04-28 00:00:00,54788.88,27.39444,-244.76444000000262
2021-05-01 00:00:00,58206.9,29.103450000000002,2021-05-03 16:00:00,57649.99,28.824995,-585.7349950000034
2021-05-05 08:00:00,55191.6,27.5958,2021-05-06 16:00:00,56186.01,28.093005,966.3169950000035
2021-05-07 08:00:00,56510.58,28.255290000000002,2021-05-09 08:00:00,57975.01,28.987505000000002,1435.4424950000002
2021-05-11 20:00:00,56710.43,28.355215,2021-05-12 08:00:00,56472.06,28.23603,-266.60603000000265
2021-05-17 08:00:00,45799.97,22.899985,2021-05-17 12:00:00,43401.14,21.70057,-2420.5305700000017
2021-05-17 16:00:00,44246.97,22.123485000000002,2021-05-17 20:00:00,43566.18,21.78309,-702.5730900000009
2021-05-18 00:00:00,44819.75,22.409875,2021-05-19 00:00:00,40635.3,20.31765,-4204.767649999997
2021-05-26 04:00:00,40436.0,20.218,2021-05-26 08:00:00,39851.9,19.92595,-604.0259499999986
2021-05-27 12:00:00,39690.04,19.84502,2021-05-27 20:00:00,38527.38,19.26369,-1181.9236900000035
2021-05-31 12:00:00,36944.12,18.472060000000003,2021-06-01 12:00:00,36233.59,18.116795,-728.6467950000061
2021-06-03 08:00:00,38783.65,19.391825,2021-06-03 12:00:00,38546.06,19.27303,-256.8630300000038
2021-06-03 16:00:00,38612.05,19.306025,2021-06-04 00:00:00,37945.72,18.97286,-685.3028600000017
2021-06-05 00:00:00,37414.07,18.707035,2021-06-05 08:00:00,35863.07,17.931535,-1568.931535
2021-06-05 12:00:00,36316.45,18.158224999999998,2021-06-05 20:00:00,35498.62,17.74931,-835.5793099999945
2021-06-06 04:00:00,36131.74,18.06587,2021-06-06 08:00:00,35874.23,17.937115000000002,-275.44711499999477
2021-06-06 12:00:00,36159.24,18.07962,2021-06-07 16:00:00,35642.68,17.82134,-534.3813399999976
2021-06-09 04:00:00,34143.5,17.07175,2021-06-13 00:00:00,34864.96,17.432479999999998,704.0275199999992
2021-06-13 04:00:00,35263.02,17.63151,2021-06-15 16:00:00,39950.0,19.975,4667.005000000003
2021-06-15 20:00:00,40132.86,20.06643,2021-06-16 00:00:00,40001.23,20.000615000000003,-151.6306149999974
2021-06-16 04:00:00,40130.0,20.065,2021-06-16 08:00:00,39079.6,19.5398,-1069.9398000000015
2021-06-20 16:00:00,35476.45,17.738225,2021-06-21 04:00:00,32985.72,16.49286,-2507.2228599999958
2021-06-22 16:00:00,32388.97,16.194485,2021-06-25 16:00:00,32192.38,16.09619,-212.68619000000015
2021-06-27 04:00:00,33252.0,16.626,2021-06-27 08:00:00,33214.0,16.607,-54.607
2021-06-29 00:00:00,34564.83,17.282415,2021-07-01 16:00:00,33072.19,16.536095000000003,-1509.1760949999993
2021-07-03 08:00:00,34596.42,17.29821,2021-07-03 12:00:00,34592.56,17.29628,-21.15628000000058
2021-07-03 16:00:00,34717.99,17.358995,2021-07-03 20:00:00,34652.94,17.32647,-82.37646999999563
2021-07-04 04:00:00,35565.98,17.78299,2021-07-04 08:00:00,35492.0,17.746,-91.7260000000032
2021-07-08 16:00:00,32984.99,16.492494999999998,2021-07-08 20:00:00,32852.04,16.42602,-149.37601999999708
2021-07-09 00:00:00,32923.14,16.461570000000002,2021-07-09 08:00:00,32751.07,16.375535,-188.44553499999972
2021-07-09 12:00:00,33537.49,16.768745,2021-07-10 04:00:00,33747.98,16.873990000000003,193.61601000000525
2021-07-10 08:00:00,33781.67,16.890835,2021-07-10 16:00:00,33403.08,16.70154,-395.29153999999653
2021-07-10 20:00:00,33497.98,16.748990000000003,2021-07-11 00:00:00,33446.92,16.72346,-67.78346000000495
2021-07-11 04:00:00,33501.53,16.750765,2021-07-12 12:00:00,33340.32,16.67016,-177.88015999999914
2021-07-19 04:00:00,31595.92,15.79796,2021-07-19 08:00:00,31262.16,15.63108,-349.3910799999984
2021-07-21 04:00:00,30797.85,15.398925,2021-07-23 16:00:00,32221.12,16.11056,1407.1594400000004
2021-07-23 20:00:00,33634.46,16.81723,2021-07-25 12:00:00,34152.77,17.076385,501.23361499999766
2021-07-25 16:00:00,34312.9,17.15645,2021-07-30 08:00:00,38637.34,19.318669999999997,4305.121329999995
2021-07-30 12:00:00,39056.09,19.528045,2021-07-31 16:00:00,41296.62,20.648310000000002,2219.881690000006
2021-07-31 20:00:00,41448.11,20.724055,2021-08-01 08:00:00,41596.01,20.798005,127.10199500000145
2021-08-05 16:00:00,40694.19,20.347095000000003,2021-08-09 00:00:00,43486.16,21.743080000000003,2770.226920000001
2021-08-09 04:00:00,43790.0,21.895,2021-08-10 12:00:00,45178.06,22.58903,1365.4709699999976
2021-08-10 20:00:00,45589.99,22.794995,2021-08-11 00:00:00,45588.41,22.794205,-24.374204999994472
2021-08-11 04:00:00,46367.38,23.18369,2021-08-11 08:00:00,45946.21,22.973105,-444.14310499999823
2021-08-11 12:00:00,46448.0,23.224,2021-08-12 04:00:00,45230.0,22.615000000000002,-1240.615
2021-08-13 04:00:00,46108.85,23.054425,2021-08-17 16:00:00,45471.21,22.735605,-660.3756049999994
2021-08-20 00:00:00,47092.39,23.546195,2021-08-20 04:00:00,46871.29,23.435645,-244.53564499999854
2021-08-20 08:00:00,46961.01,23.480505,2021-08-22 08:00:00,49171.46,24.58573,2185.8642699999973
2021-08-22 20:00:00,49273.28,24.63664,2021-08-23 12:00:00,49571.64,24.78582,273.5741800000006
2021-08-29 16:00:00,48808.94,24.404470000000003,2021-08-29 20:00:00,48795.41,24.397705000000002,-37.92770499999884
2021-08-31 04:00:00,47789.0,23.8945,2021-08-31 12:00:00,47439.56,23.71978,-373.15978000000234
2021-09-01 16:00:00,48200.44,24.10022,2021-09-07 08:00:00,50989.36,25.494680000000002,2763.4253199999985
2021-09-12 08:00:00,46095.98,23.047990000000002,2021-09-13 04:00:00,44492.14,22.24607,-1626.0860700000037
2021-09-13 08:00:00,44864.14,22.43207,2021-09-13 12:00:00,44361.98,22.18099,-524.3409899999962
2021-09-14 08:00:00,45986.45,22.993225,2021-09-19 08:00:00,47344.16,23.67208,1334.0379200000064
2021-09-19 12:00:00,47656.61,23.828305,2021-09-19 20:00:00,47256.91,23.628455000000002,-423.3284549999971
2021-09-23 12:00:00,43740.46,21.87023,2021-09-24 08:00:00,41510.06,20.755029999999998,-2251.1550300000013
2021-09-24 12:00:00,41927.65,20.963825,2021-09-27 16:00:00,42994.8,21.497400000000003,1045.6526000000015
2021-09-30 16:00:00,43515.5,21.75775,2021-10-12 12:00:00,56352.17,28.176085,12808.493915
2021-10-13 00:00:00,56275.5,28.13775,2021-10-13 04:00:00,54640.19,27.320095000000002,-1662.6300949999977
2021-10-13 12:00:00,56170.86,28.085430000000002,2021-10-21 12:00:00,63040.21,31.520105,6837.829894999999
2021-10-25 08:00:00,62800.0,31.400000000000002,2021-10-26 12:00:00,62555.13,31.277565,-276.1475650000026
2021-10-28 12:00:00,61186.92,30.59346,2021-10-31 12:00:00,60521.99,30.260995,-695.1909950000003
2021-11-02 12:00:00,64042.66,32.02133,2021-11-02 20:00:00,63266.69,31.633345000000002,-807.6033450000011
2021-11-03 00:00:00,63270.5,31.63525,2021-11-03 12:00:00,62210.59,31.105294999999998,-1091.0152950000036
2021-11-03 16:00:00,62859.51,31.429755,2021-11-04 08:00:00,61508.56,30.754279999999998,-1381.7042800000045
2021-11-05 00:00:00,62243.11,31.121555,2021-11-05 04:00:00,62183.9,31.09195,-90.30194999999912
2021-11-07 08:00:00,61957.18,30.97859,2021-11-10 20:00:00,64920.13,32.460065,2930.489934999997
2021-11-14 20:00:00,65568.39,32.784195,2021-11-15 16:00:00,64308.89,32.154445,-1291.654445
2021-11-21 12:00:00,59214.54,29.60727,2021-11-22 00:00:00,57433.77,28.716884999999998,-1809.4868850000041
2021-11-22 12:00:00,58206.7,29.10335,2021-11-22 16:00:00,56007.95,28.003975,-2226.753975
2021-11-22 20:00:00,56268.31,28.134155,2021-11-26 08:00:00,53766.35,26.883175,-2528.843174999999
2021-11-27 16:00:00,54952.88,27.47644,2021-11-27 20:00:00,54738.77,27.369384999999998,-241.47938500000058
2021-11-28 16:00:00,54644.88,27.32244,2021-12-01 20:00:00,57209.29,28.604645,2535.8053550000036
2021-12-03 08:00:00,57011.36,28.50568,2021-12-03 12:00:00,56030.73,28.015365000000003,-1008.6453649999974
2021-12-06 20:00:00,50424.72,25.21236,2021-12-09 12:00:00,48454.96,24.22748,-1993.987480000002
2021-12-12 16:00:00,50214.67,25.107335,2021-12-13 00:00:00,48852.97,24.426485,-1386.126484999997
2021-12-15 20:00:00,48870.48,24.435240000000004,2021-12-16 04:00:00,48718.17,24.359085,-176.66908500000494
2021-12-16 08:00:00,49198.04,24.59902,2021-12-16 12:00:00,48584.85,24.292425,-637.4824250000023
2021-12-19 00:00:00,47685.96,23.84298,2021-12-19 04:00:00,47507.85,23.753925,-201.8639250000006
2021-12-19 12:00:00,47228.69,23.614345,2021-12-19 16:00:00,46656.13,23.328065,-595.888065000005
2021-12-19 20:00:00,46668.63,23.334315,2021-12-20 08:00:00,46074.13,23.037065,-617.537065
2021-12-20 20:00:00,46898.14,23.44907,2021-12-23 00:00:00,48509.3,24.25465,1586.9053500000034
2021-12-23 12:00:00,48788.0,24.394000000000002,2021-12-24 12:00:00,50923.47,25.461735,2110.0082650000013
2021-12-24 16:00:00,51127.36,25.56368,2021-12-25 12:00:00,50669.01,25.334505,-483.6845049999985
2021-12-25 16:00:00,50901.01,25.450505000000003,2021-12-25 20:00:00,50403.64,25.20182,-522.5718200000026
2021-12-26 20:00:00,50765.73,25.382865000000002,2021-12-28 00:00:00,49826.48,24.913240000000002,-964.16324
2021-12-31 08:00:00,47977.58,23.98879,2022-01-03 16:00:00,46364.55,23.182275,-1636.2122749999987
2022-01-03 20:00:00,46445.81,23.222905,2022-01-04 00:00:00,46313.95,23.156975,-155.01697500000057
2022-01-04 04:00:00,46521.68,23.26084,2022-01-04 20:00:00,45833.42,22.91671,-711.176710000002
2022-01-05 12:00:00,46611.46,23.30573,2022-01-05 16:00:00,44673.22,22.33661,-1960.576609999998
2022-01-10 04:00:00,42034.99,21.017495,2022-01-10 08:00:00,41564.26,20.782130000000002,-491.5121299999959
2022-01-11 00:00:00,42251.59,21.125795,2022-01-11 08:00:00,41800.95,20.900475,-471.54047499999945
2022-01-12 12:00:00,43549.99,21.774995,2022-01-13 12:00:00,43170.0,21.585,-401.57499999999794
2022-01-17 04:00:00,42639.51,21.319755,2022-01-17 16:00:00,42221.15,21.110575,-439.47057500000057
2022-01-24 20:00:00,36648.31,18.324154999999998,2022-01-26 20:00:00,36787.43,18.393715,120.72628500000262
2022-01-29 00:00:00,37715.0,18.8575,2022-01-29 12:00:00,37543.79,18.771895,-189.98189499999913
2022-01-29 16:00:00,37831.0,18.9155,2022-01-31 00:00:00,36998.67,18.499335,-850.8293350000017
2022-01-31 04:00:00,37098.68,18.54934,2022-02-02 12:00:00,37419.51,18.709755,302.1202450000018
2022-02-02 16:00:00,37538.91,18.769455,2022-02-02 20:00:00,36892.03,18.446015,-665.3260150000046
2022-02-04 12:00:00,39481.72,19.74086,2022-02-08 16:00:00,42985.41,21.492705,3482.197295000002
2022-02-08 20:00:00,44021.57,22.010785000000002,2022-02-09 00:00:00,43321.58,21.660790000000002,-721.650789999998
2022-02-09 04:00:00,43798.9,21.89945,2022-02-09 08:00:00,43686.65,21.843325,-134.093325
2022-02-09 12:00:00,43855.17,21.927585,2022-02-10 00:00:00,43748.78,21.87439,-128.26438999999942
2022-02-10 04:00:00,44066.19,22.033095000000003,2022-02-11 00:00:00,43310.87,21.655435,-776.9754349999997
2022-02-11 04:00:00,43330.46,21.66523,2022-02-11 20:00:00,42366.0,21.183,-985.6429999999991
2022-02-13 12:00:00,42548.47,21.274235,2022-02-13 16:00:00,42015.27,21.007635,-554.2076350000044
2022-02-13 20:00:00,42041.13,21.020564999999998,2022-02-14 00:00:00,41892.95,20.946475,-169.12647500000028
2022-02-14 12:00:00,42565.0,21.2825,2022-02-14 16:00:00,42102.29,21.051145,-483.76114499999915
2022-02-14 20:00:00,42525.14,21.26257,2022-02-16 12:00:00,43588.5,21.79425,1041.5657500000007
2022-02-16 16:00:00,44202.2,22.1011,2022-02-16 20:00:00,43860.7,21.93035,-363.43035
2022-02-21 12:00:00,38804.5,19.40225,2022-02-21 16:00:00,38114.5,19.05725,-709.05725
2022-02-22 16:00:00,38039.6,19.0198,2022-02-23 20:00:00,37227.8,18.6139,-830.4138999999957
2022-02-24 08:00:00,35425.4,17.7127,2022-03-04 04:00:00,41427.6,20.7138,5981.486199999997
2022-03-04 08:00:00,41639.6,20.8198,2022-03-04 12:00:00,40694.6,20.3473,-965.3473
2022-03-08 00:00:00,38678.5,19.33925,2022-03-08 04:00:00,38530.4,19.2652,-167.36519999999854
2022-03-08 08:00:00,38967.8,19.483900000000002,2022-03-08 12:00:00,38648.9,19.324450000000002,-338.22445000000147
2022-03-08 16:00:00,38741.5,19.37075,2022-03-10 08:00:00,39055.4,19.5277,294.3723000000015
2022-03-10 12:00:00,39155.7,19.577849999999998,2022-03-11 20:00:00,38713.0,19.3565,-462.0564999999971
2022-03-12 00:00:00,39073.5,19.53675,2022-03-12 08:00:00,39054.1,19.52705,-38.92705000000146
2022-03-14 12:00:00,38940.9,19.47045,2022-03-14 16:00:00,38795.0,19.3975,-165.29750000000146
2022-03-14 20:00:00,39653.8,19.826900000000002,2022-03-15 00:00:00,38746.5,19.37325,-926.6732500000029
2022-03-15 12:00:00,39000.8,19.500400000000003,2022-03-16 00:00:00,39137.9,19.56895,117.53104999999854
2022-03-16 08:00:00,40492.8,20.2464,2022-03-21 00:00:00,40811.3,20.40565,298.09435
2022-03-21 04:00:00,41076.4,20.5382,2022-03-21 12:00:00,41198.3,20.59915,101.30085000000145
2022-03-24 12:00:00,43967.0,21.9835,2022-03-24 16:00:00,43891.1,21.94555,-97.84555000000145
2022-03-24 20:00:00,43973.4,21.986700000000003,2022-03-25 00:00:00,43961.8,21.980900000000002,-33.58089999999855
2022-03-25 08:00:00,44554.5,22.277250000000002,2022-03-25 12:00:00,44320.2,22.1601,-256.4601000000029
2022-03-26 00:00:00,44374.0,22.187,2022-03-26 12:00:00,44193.6,22.096799999999998,-202.49680000000146
2022-03-26 16:00:00,44340.9,22.170450000000002,2022-03-30 12:00:00,47153.7,23.57685,2789.2231499999957
2022-04-04 20:00:00,46580.9,23.29045,2022-04-05 12:00:00,45740.5,22.870250000000002,-863.2702500000015
2022-04-10 00:00:00,42761.2,21.380599999999998,2022-04-11 00:00:00,42105.1,21.05255,-677.1525499999985
2022-04-18 16:00:00,40670.4,20.3352,2022-04-20 16:00:00,41177.6,20.5888,486.6111999999971
2022-04-21 00:00:00,41673.9,20.83695,2022-04-21 16:00:00,41209.9,20.604950000000002,-484.60495000000003
2022-04-24 16:00:00,39675.9,19.837950000000003,2022-04-25 00:00:00,39226.2,19.6131,-469.31310000000434
2022-04-25 12:00:00,38967.4,19.483700000000002,2022-04-26 16:00:00,38250.8,19.125400000000003,-735.7253999999986
2022-05-02 04:00:00,38869.6,19.4348,2022-05-03 00:00:00,38522.7,19.26135,-366.16135000000145
2022-05-03 04:00:00,38553.1,19.27655,2022-05-03 12:00:00,38327.3,19.16365,-244.96364999999562
2022-05-04 04:00:00,38673.1,19.33655,2022-05-05 12:00:00,36886.4,18.4432,-1805.143199999997
2022-05-15 20:00:00,31324.4,15.6622,2022-05-16 04:00:00,29572.8,14.7864,-1766.3864000000021
2022-05-16 08:00:00,29937.5,14.96875,2022-05-16 12:00:00,29663.1,14.83155,-289.23155000000145
2022-05-19 12:00:00,30386.4,15.193200000000001,2022-05-20 12:00:00,29142.0,14.571,-1258.9710000000014
2022-05-20 16:00:00,29271.7,14.635850000000001,2022-05-23 12:00:00,30358.8,15.1794,1071.9205999999986
2022-05-24 12:00:00,29373.9,14.686950000000001,2022-05-26 08:00:00,28992.8,14.4964,-395.5964000000022
2022-05-26 12:00:00,29374.4,14.6872,2022-05-27 04:00:00,28977.0,14.4885,-411.88850000000144
2022-05-28 20:00:00,29018.8,14.5094,2022-05-29 00:00:00,28969.9,14.484950000000001,-63.384949999997815
2022-05-29 04:00:00,29000.4,14.500200000000001,2022-06-01 16:00:00,30116.5,15.058250000000001,1101.0417499999985
2022-06-02 20:00:00,30437.1,15.21855,2022-06-03 08:00:00,29744.0,14.872,-707.9719999999985
2022-06-05 08:00:00,29700.7,14.85035,2022-06-07 00:00:00,29547.5,14.77375,-167.97375000000073
2022-06-07 04:00:00,29569.0,14.7845,2022-06-07 08:00:00,29504.5,14.75225,-79.25225
2022-06-07 12:00:00,29876.0,14.938,2022-06-09 16:00:00,30003.8,15.0019,112.79809999999927
2022-06-09 20:00:00,30093.3,15.04665,2022-06-10 08:00:00,30005.5,15.00275,-102.80274999999928
2022-06-16 12:00:00,21067.0,10.5335,2022-06-16 16:00:00,20862.2,10.4311,-215.2310999999993
2022-06-20 08:00:00,20791.0,10.3955,2022-06-24 12:00:00,20875.4,10.437700000000001,73.96230000000145
2022-06-24 16:00:00,21241.9,10.62095,2022-06-24 20:00:00,21231.2,10.6156,-21.315600000000728
2022-06-25 00:00:00,21295.0,10.6475,2022-06-25 12:00:00,20958.9,10.479450000000002,-346.57944999999853
2022-06-25 16:00:00,21195.5,10.59775,2022-06-26 12:00:00,21314.2,10.6571,108.04290000000073
2022-07-04 20:00:00,20226.6,10.113299999999999,2022-07-05 08:00:00,19514.3,9.75715,-722.0571499999993
2022-07-06 16:00:00,20319.8,10.1599,2022-07-10 12:00:00,20892.5,10.446250000000001,562.2537500000008
2022-07-10 16:00:00,20913.1,10.45655,2022-07-10 20:00:00,20853.8,10.4269,-69.72689999999928
2022-07-14 16:00:00,20602.9,10.30145,2022-07-19 00:00:00,21897.9,10.948950000000002,1284.05105
2022-07-19 12:00:00,23116.2,11.558100000000001,2022-07-22 16:00:00,22578.9,11.28945,-548.5894499999993
2022-07-23 00:00:00,22796.4,11.398200000000001,2022-07-23 04:00:00,22764.2,11.382100000000001,-43.58210000000073
2022-07-27 16:00:00,22763.8,11.3819,2022-08-01 16:00:00,22944.9,11.47245,169.62755000000217
2022-08-01 20:00:00,23257.6,11.6288,2022-08-02 00:00:00,22845.3,11.422649999999999,-423.72264999999925
2022-08-02 04:00:00,22875.5,11.43775,2022-08-02 08:00:00,22872.0,11.436,-14.936
2022-08-02 12:00:00,22962.9,11.48145,2022-08-02 16:00:00,22935.6,11.467799999999999,-38.76780000000291
2022-08-03 08:00:00,23390.9,11.695450000000001,2022-08-03 12:00:00,23346.0,11.673,-56.57300000000146
2022-08-03 16:00:00,23449.1,11.724549999999999,2022-08-03 20:00:00,22801.5,11.40075,-659.0007499999986
2022-08-04 00:00:00,23083.7,11.54185,2022-08-04 04:00:00,22935.0,11.4675,-160.16750000000073
2022-08-04 12:00:00,22914.3,11.45715,2022-08-04 16:00:00,22439.1,11.21955,-486.41955000000075
2022-08-05 00:00:00,23158.5,11.57925,2022-08-05 12:00:00,22979.1,11.48955,-190.88955000000146
2022-08-07 20:00:00,23167.8,11.5839,2022-08-09 08:00:00,23257.8,11.6289,78.3711
2022-08-10 12:00:00,23983.6,11.9918,2022-08-11 20:00:00,23917.2,11.9586,-78.35859999999782
2022-08-12 00:00:00,23997.7,11.998850000000001,2022-08-12 08:00:00,23663.2,11.8316,-346.3316
2022-08-12 12:00:00,23966.7,11.983350000000002,2022-08-14 12:00:00,24512.1,12.25605,533.1439499999979
2022-08-15 00:00:00,24856.1,12.428049999999999,2022-08-15 04:00:00,24010.8,12.0054,-857.3053999999993
2022-08-15 08:00:00,24037.1,12.01855,2022-08-16 04:00:00,24054.1,12.02705,4.972950000000001
2022-08-22 08:00:00,21238.6,10.619299999999999,2022-08-26 12:00:00,20770.1,10.38505,-478.88505
2022-08-30 04:00:00,20423.3,10.21165,2022-08-30 08:00:00,20395.8,10.1979,-37.697900000000004
2022-08-31 00:00:00,20392.6,10.196299999999999,2022-08-31 04:00:00,20247.5,10.12375,-155.22374999999855
2022-08-31 08:00:00,20308.0,10.154,2022-08-31 12:00:00,20130.5,10.06525,-187.56525
2022-08-31 16:00:00,20217.7,10.10885,2022-08-31 20:00:00,20041.5,10.02075,-186.22075000000072
2022-09-02 00:00:00,20145.1,10.07255,2022-09-02 04:00:00,20100.5,10.05025,-54.65024999999854
2022-09-02 12:00:00,20344.8,10.1724,2022-09-02 16:00:00,19899.3,9.94965,-455.44965
2022-09-09 04:00:00,20623.6,10.3118,2022-09-13 12:00:00,20823.9,10.411950000000001,189.88805000000292
2022-09-19 20:00:00,19528.6,9.764299999999999,2022-09-20 00:00:00,19353.7,9.67685,-184.57684999999782
2022-09-20 12:00:00,19225.6,9.6128,2022-09-20 16:00:00,18985.2,9.492600000000001,-249.89259999999783
2022-09-21 12:00:00,19182.5,9.59125,2022-09-21 16:00:00,18990.3,9.49515,-201.69515000000072
2022-09-26 16:00:00,19191.0,9.5955,2022-09-27 16:00:00,19068.7,9.53435,-131.83434999999926
2022-09-28 08:00:00,18947.6,9.473799999999999,2022-10-01 08:00:00,19304.2,9.6521,346.94790000000216
2022-10-01 12:00:00,19322.8,9.6614,2022-10-01 16:00:00,19257.0,9.6285,-75.42849999999927
2022-10-03 12:00:00,19329.9,9.664950000000001,2022-10-07 12:00:00,19574.1,9.787049999999999,234.4129499999971
2022-10-13 12:00:00,18947.7,9.47385,2022-10-15 20:00:00,19060.4,9.5302,103.16980000000072
2022-10-16 12:00:00,19148.6,9.5743,2022-10-16 20:00:00,19251.9,9.625950000000001,93.67405000000291
2022-10-17 08:00:00,19452.8,9.7264,2022-10-18 12:00:00,19364.1,9.68205,-98.38205000000073
2022-10-21 12:00:00,19158.7,9.57935,2022-10-25 08:00:00,19291.0,9.6455,122.65449999999927
2022-10-25 12:00:00,19740.3,9.87015,2022-10-28 00:00:00,20284.3,10.142149999999999,533.85785
2022-10-28 12:00:00,20473.2,10.236600000000001,2022-10-29 20:00:00,20796.7,10.39835,313.10165
2022-11-04 12:00:00,20829.3,10.41465,2022-11-08 00:00:00,20140.6,10.0703,-698.7703000000007
2022-11-18 08:00:00,16744.0,8.372,2022-11-18 12:00:00,16686.8,8.343399999999999,-65.54340000000073
2022-11-22 12:00:00,16232.8,8.1164,2022-11-22 16:00:00,16160.5,8.08025,-80.38024999999928
2022-11-22 20:00:00,16220.6,8.1103,2022-11-26 12:00:00,16506.4,8.253200000000001,277.5468000000011
2022-11-29 04:00:00,16455.9,8.227950000000002,2022-11-29 12:00:00,16384.8,8.1924,-79.29240000000217
2022-11-29 16:00:00,16418.2,8.209100000000001,2022-12-02 12:00:00,16928.9,8.464450000000001,502.2355500000007
2022-12-04 16:00:00,17077.6,8.5388,2022-12-05 16:00:00,16919.5,8.45975,-166.55974999999853
2022-12-05 20:00:00,16958.3,8.47915,2022-12-06 08:00:00,16974.6,8.4873,7.812699999999273
2022-12-06 12:00:00,16974.9,8.48745,2022-12-07 04:00:00,16755.4,8.3777,-227.8777
2022-12-07 12:00:00,16829.1,8.41455,2022-12-07 16:00:00,16807.5,8.40375,-30.003749999998547
2022-12-07 20:00:00,16828.0,8.414,2022-12-08 00:00:00,16825.6,8.412799999999999,-10.812800000001454
2022-12-08 12:00:00,16907.7,8.453850000000001,2022-12-09 16:00:00,17134.9,8.567450000000001,218.63255000000072
2022-12-10 08:00:00,17159.9,8.57995,2022-12-10 20:00:00,17120.0,8.56,-48.46000000000146
2022-12-11 00:00:00,17147.7,8.57385,2022-12-11 12:00:00,17145.5,8.572750000000001,-10.772750000000729
2022-12-11 16:00:00,17169.5,8.58475,2022-12-11 20:00:00,17077.3,8.53865,-100.73865000000073
2022-12-12 12:00:00,16999.9,8.49995,2022-12-16 08:00:00,17018.6,8.5093,10.19069999999709
2022-12-20 12:00:00,16910.9,8.45545,2022-12-21 00:00:00,16829.8,8.4149,-89.51490000000219
2022-12-22 20:00:00,16815.5,8.40775,2022-12-23 12:00:00,16825.9,8.41295,1.9870500000014548
2022-12-26 20:00:00,16912.9,8.45645,2022-12-27 00:00:00,16868.1,8.43405,-53.23405000000291
2022-12-30 12:00:00,16547.7,8.273850000000001,2022-12-30 16:00:00,16520.8,8.2604,-35.16040000000146
2022-12-30 20:00:00,16601.2,8.300600000000001,2023-01-17 20:00:00,21130.9,10.56545,4519.134550000001
2023-01-18 00:00:00,21254.1,10.627049999999999,2023-01-18 12:00:00,21035.5,10.51775,-229.11774999999855
2023-01-20 16:00:00,21494.2,10.747100000000001,2023-01-23 16:00:00,22789.6,11.3948,1284.0051999999978
2023-01-25 20:00:00,23060.6,11.530299999999999,2023-01-27 12:00:00,22928.8,11.4644,-143.26439999999928
2023-01-27 16:00:00,23246.7,11.62335,2023-01-27 20:00:00,23068.0,11.534,-190.23400000000072
2023-01-29 00:00:00,23190.0,11.595,2023-01-30 08:00:00,23075.2,11.537600000000001,-126.33759999999927
2023-01-30 12:00:00,23178.6,11.5893,2023-01-30 16:00:00,22783.7,11.39185,-406.2918499999978
2023-01-30 20:00:00,22819.9,11.40995,2023-02-05 16:00:00,22889.5,11.44475,58.155249999998546
2023-02-07 16:00:00,23086.1,11.54305,2023-02-09 16:00:00,22027.3,11.01365,-1069.8136499999994
2023-02-12 12:00:00,21931.4,10.965700000000002,2023-02-13 12:00:00,21553.3,10.77665,-388.8766500000022
2023-02-13 16:00:00,21597.8,10.7989,2023-02-21 12:00:00,24554.0,12.277000000000001,2943.9230000000007
2023-02-21 16:00:00,24607.7,12.30385,2023-02-21 20:00:00,24443.4,12.2217,-176.52169999999927
2023-02-23 00:00:00,24444.3,12.22215,2023-02-23 04:00:00,24365.3,12.18265,-91.18265
2023-02-23 12:00:00,23940.0,11.97,2023-02-24 12:00:00,23337.2,11.668600000000001,-614.4685999999992
2023-02-26 16:00:00,23491.0,11.7455,2023-02-27 04:00:00,23411.1,11.705549999999999,-91.60555000000146
2023-02-27 08:00:00,23420.0,11.71,2023-03-02 04:00:00,23381.9,11.69095,-49.790949999998546
2023-03-02 08:00:00,23405.6,11.7028,2023-03-02 12:00:00,23350.3,11.67515,-66.97514999999927
2023-03-02 20:00:00,23457.1,11.72855,2023-03-03 00:00:00,22306.3,11.15315,-1161.9531499999994
2023-03-05 20:00:00,22419.4,11.209700000000002,2023-03-06 00:00:00,22378.0,11.189,-52.589000000001455
2023-03-06 04:00:00,22380.9,11.19045,2023-03-06 08:00:00,22370.0,11.185,-22.085000000001457
2023-03-06 12:00:00,22543.6,11.271799999999999,2023-03-07 12:00:00,22307.5,11.15375,-247.25374999999855
2023-03-11 20:00:00,20447.3,10.22365,2023-03-12 00:00:00,20367.4,10.183700000000002,-90.08369999999782
2023-03-12 08:00:00,20435.0,10.2175,2023-03-12 12:00:00,20347.9,10.173950000000001,-97.27394999999855
2023-03-12 16:00:00,20770.5,10.385250000000001,2023-03-15 16:00:00,24379.8,12.1899,3597.1100999999994
2023-03-16 12:00:00,24880.6,12.440299999999999,2023-03-24 08:00:00,27558.4,13.779200000000001,2664.020800000003
2023-03-24 12:00:00,27997.2,13.998600000000001,2023-03-24 16:00:00,27811.3,13.90565,-199.80565000000146
2023-03-29 04:00:00,28077.7,14.03885,2023-04-02 12:00:00,28110.2,14.055100000000001,18.444899999999997
2023-04-03 08:00:00,28243.4,14.1217,2023-04-03 12:00:00,28032.5,14.01625,-224.91625000000147
2023-04-03 16:00:00,28071.8,14.0359,2023-04-03 20:00:00,27786.1,13.893049999999999,-299.59305000000074
2023-04-04 08:00:00,28274.6,14.1373,2023-04-04 12:00:00,28011.7,14.00585,-276.9058499999978
2023-04-04 16:00:00,28171.1,14.08555,2023-04-04 20:00:00,28155.2,14.0776,-29.977599999997818
2023-04-05 00:00:00,28536.1,14.268049999999999,2023-04-05 12:00:00,28014.9,14.00745,-535.207449999997
2023-04-06 12:00:00,28079.3,14.03965,2023-04-07 04:00:00,27822.0,13.911,-271.2109999999993
2023-04-07 08:00:00,27830.0,13.915000000000001,2023-04-16 20:00:00,30286.6,15.1433,2441.4566999999984
2023-04-24 16:00:00,27373.8,13.6869,2023-04-25 04:00:00,27252.3,13.626149999999999,-135.12615
2023-04-25 08:00:00,27382.1,13.691049999999999,2023-04-30 08:00:00,29184.6,14.5923,1787.9077
2023-04-30 12:00:00,29644.2,14.8221,2023-04-30 16:00:00,29346.0,14.673,-312.87300000000073
2023-05-02 16:00:00,28676.4,14.3382,2023-05-03 00:00:00,28505.4,14.2527,-185.2527
2023-05-03 04:00:00,28638.3,14.31915,2023-05-03 12:00:00,28292.7,14.14635,-359.74634999999853
2023-05-03 16:00:00,28308.8,14.1544,2023-05-06 12:00:00,28557.9,14.278950000000002,234.82105000000217
2023-05-06 16:00:00,28831.9,14.41595,2023-05-07 08:00:00,28826.5,14.41325,-19.813250000001453
2023-05-07 12:00:00,28933.1,14.46655,2023-05-07 16:00:00,28894.0,14.447000000000001,-53.54699999999855
2023-05-14 12:00:00,27071.4,13.5357,2023-05-16 16:00:00,26917.9,13.458950000000002,-166.95895000000002
2023-05-16 20:00:00,27024.8,13.5124,2023-05-17 04:00:00,26831.9,13.41595,-206.31594999999783
2023-05-17 12:00:00,26788.0,13.394,2023-05-18 16:00:00,26719.3,13.35965,-82.05965000000073
2023-05-19 12:00:00,26869.9,13.43495,2023-05-23 16:00:00,27171.6,13.585799999999999,288.1141999999971
2023-05-27 16:00:00,26721.6,13.3608,2023-05-31 04:00:00,27150.4,13.5752,415.2248000000029
2023-06-06 16:00:00,27073.2,13.5366,2023-06-07 04:00:00,26786.7,13.39335,-299.89335
2023-06-07 08:00:00,26888.3,13.44415,2023-06-07 12:00:00,26333.9,13.166950000000002,-567.5669499999979
2023-06-07 16:00:00,26469.2,13.2346,2023-06-07 20:00:00,26325.9,13.16295,-156.46294999999927
2023-06-08 00:00:00,26332.0,13.166,2023-06-10 00:00:00,26312.6,13.1563,-32.55630000000146
2023-06-11 16:00:00,26021.0,13.0105,2023-06-11 20:00:00,25909.9,12.95495,-124.05494999999854
2023-06-12 08:00:00,25975.7,12.98785,2023-06-12 12:00:00,25809.3,12.90465,-179.30465000000146
2023-06-12 16:00:00,25816.8,12.9084,2023-06-14 20:00:00,25115.9,12.557950000000002,-713.4579499999978
2023-06-16 12:00:00,25832.4,12.916200000000002,2023-06-25 04:00:00,30714.0,15.357000000000001,4866.242999999999
2023-06-27 08:00:00,30720.1,15.36005,2023-06-27 12:00:00,30487.4,15.2437,-247.94369999999708
2023-06-28 12:00:00,30399.8,15.1999,2023-06-28 16:00:00,30080.4,15.0402,-334.44019999999784
2023-06-29 04:00:00,30333.9,15.166950000000002,2023-06-30 12:00:00,30052.0,15.026,-296.92600000000147
2023-06-30 16:00:00,30360.3,15.18015,2023-07-02 12:00:00,30491.4,15.245700000000001,115.85430000000218
2023-07-02 16:00:00,30552.8,15.2764,2023-07-05 08:00:00,30395.0,15.1975,-172.99749999999926
2023-07-06 08:00:00,30833.0,15.416500000000001,2023-07-06 12:00:00,30390.3,15.19515,-457.89515000000074
2023-07-09 00:00:00,30277.6,15.1388,2023-07-10 00:00:00,30144.9,15.072450000000002,-147.7724499999971
2023-07-10 12:00:00,30297.6,15.1488,2023-07-10 20:00:00,30396.9,15.198450000000001,84.1015500000029
2023-07-11 00:00:00,30461.0,15.230500000000001,2023-07-12 12:00:00,30510.2,15.2551,33.94490000000073
2023-07-13 12:00:00,30915.4,15.4577,2023-07-16 00:00:00,30174.1,15.08705,-756.3870500000029
2023-07-16 04:00:00,30253.0,15.1265,2023-07-16 20:00:00,30216.8,15.1084,-51.30840000000073
2023-07-20 08:00:00,30274.0,15.137,2023-07-20 12:00:00,29792.8,14.8964,-496.0964000000007
2023-07-21 12:00:00,29852.0,14.926,2023-07-24 08:00:00,29259.6,14.6298,-607.0298000000015
2023-07-26 00:00:00,29228.0,14.614,2023-07-26 04:00:00,29205.3,14.60265,-37.302650000000725
2023-07-26 12:00:00,29307.2,14.6536,2023-07-27 16:00:00,29152.6,14.5763,-169.1763000000022
2023-07-27 20:00:00,29209.7,14.60485,2023-07-31 16:00:00,29146.5,14.57325,-77.77325000000073
2023-07-31 20:00:00,29220.8,14.6104,2023-08-01 00:00:00,28820.1,14.41005,-415.11005000000074
2023-08-01 12:00:00,28942.9,14.47145,2023-08-02 08:00:00,29552.9,14.77645,595.22355
2023-08-06 04:00:00,29081.4,14.540700000000001,2023-08-06 12:00:00,29001.0,14.5005,-94.90050000000146
2023-08-06 16:00:00,29076.9,14.538450000000001,2023-08-06 20:00:00,29075.9,14.53795,-15.53795
2023-08-07 00:00:00,29148.9,14.57445,2023-08-07 04:00:00,29084.7,14.54235,-78.74235000000073
2023-08-07 16:00:00,29144.9,14.572450000000002,2023-08-08 04:00:00,29177.0,14.5885,17.511499999998545
2023-08-08 08:00:00,29428.0,14.714,2023-08-09 16:00:00,29404.2,14.702100000000002,-38.502099999999274
2023-08-09 20:00:00,29572.8,14.7864,2023-08-10 00:00:00,29568.9,14.784450000000001,-18.684449999997817
2023-08-14 00:00:00,29390.0,14.695,2023-08-15 12:00:00,29315.2,14.6576,-89.45759999999927
2023-08-23 12:00:00,26134.3,13.06715,2023-08-24 12:00:00,25987.3,12.99365,-159.99365
2023-08-24 16:00:00,26025.9,13.012950000000002,2023-08-25 12:00:00,25917.4,12.9587,-121.4587
2023-08-27 12:00:00,26110.8,13.0554,2023-08-28 00:00:00,26002.0,13.001,-121.80099999999928
2023-08-28 12:00:00,26093.3,13.04665,2023-08-29 08:00:00,25962.2,12.981100000000001,-144.08109999999854
2023-08-29 12:00:00,27411.4,13.7057,2023-08-31 16:00:00,26148.7,13.07435,-1275.7743500000008
2023-09-07 00:00:00,25824.7,12.91235,2023-09-07 04:00:00,25750.9,12.87545,-86.67544999999927
2023-09-07 12:00:00,25766.7,12.88335,2023-09-11 08:00:00,25591.9,12.795950000000001,-187.59594999999928
2023-09-12 08:00:00,26087.2,13.043600000000001,2023-09-21 08:00:00,26722.7,13.36135,622.13865
2023-09-27 08:00:00,26755.8,13.3779,2023-09-27 12:00:00,26293.4,13.146700000000001,-475.5466999999978
2023-09-28 04:00:00,26445.7,13.222850000000001,2023-10-02 16:00:00,27955.3,13.97765,1495.6223499999985
2023-10-04 20:00:00,27759.8,13.8799,2023-10-05 00:00:00,27638.1,13.819049999999999,-135.51905000000073
2023-10-06 12:00:00,27926.5,13.96325,2023-10-09 08:00:00,27455.9,13.727950000000002,-484.32794999999857
2023-10-09 16:00:00,27607.6,13.803799999999999,2023-10-09 20:00:00,27578.3,13.78915,-43.08914999999927
2023-10-10 00:00:00,27621.6,13.8108,2023-10-10 08:00:00,27494.1,13.74705,-141.24705
2023-10-13 20:00:00,26849.8,13.4249,2023-10-27 12:00:00,34010.9,17.00545,7144.0945500000025
2023-10-29 12:00:00,34462.5,17.23125,2023-10-30 04:00:00,34191.7,17.09585,-287.8958500000029
2023-10-30 08:00:00,34627.9,17.313950000000002,2023-10-31 12:00:00,34290.2,17.1451,-354.8451000000044
2023-10-31 16:00:00,34553.5,17.27675,2023-11-01 12:00:00,34296.9,17.14845,-273.74844999999857
2023-11-01 20:00:00,35437.4,17.718700000000002,2023-11-02 12:00:00,34645.2,17.322599999999998,-809.5226000000043
2023-11-02 16:00:00,34998.2,17.4991,2023-11-02 20:00:00,34940.1,17.47005,-75.57004999999855
2023-11-04 20:00:00,35069.7,17.53485,2023-11-05 08:00:00,35103.5,17.551750000000002,16.24825000000291
2023-11-05 20:00:00,35025.5,17.51275,2023-11-06 16:00:00,35076.7,17.538349999999998,33.661649999997096
2023-11-07 16:00:00,35473.4,17.736700000000003,2023-11-07 20:00:00,35406.5,17.70325,-84.60325000000145
2023-11-09 04:00:00,36550.6,18.275299999999998,2023-11-13 00:00:00,36941.3,18.470650000000003,372.2293500000044
2023-11-13 04:00:00,36982.5,18.49125,2023-11-13 08:00:00,36838.3,18.419150000000002,-162.6191499999971
2023-11-13 12:00:00,36871.7,18.43585,2023-11-14 00:00:00,36473.0,18.2365,-416.93649999999707
2023-11-15 16:00:00,37527.4,18.7637,2023-11-16 12:00:00,36423.1,18.21155,-1122.511550000003
2023-11-17 20:00:00,36621.9,18.310950000000002,2023-11-18 00:00:00,36384.9,18.19245,-255.19245
2023-11-18 04:00:00,36429.0,18.2145,2023-11-19 08:00:00,36459.1,18.22955,11.870449999998545
2023-11-19 12:00:00,36575.1,18.28755,2023-11-21 12:00:00,36975.9,18.48795,382.3120500000029
2023-11-21 16:00:00,36989.9,18.494950000000003,2023-11-21 20:00:00,35737.0,17.8685,-1270.7685000000015
2023-11-22 00:00:00,36378.8,18.189400000000003,2023-11-26 12:00:00,37418.0,18.709,1020.4909999999971
2023-11-28 16:00:00,38105.0,19.052500000000002,2023-12-11 00:00:00,42312.8,21.1564,4186.643600000003
2023-12-14 04:00:00,42910.1,21.45505,2023-12-14 12:00:00,42454.1,21.22705,-477.22705
2023-12-14 16:00:00,43105.0,21.552500000000002,2023-12-15 04:00:00,42724.8,21.3624,-401.56239999999707
2023-12-15 08:00:00,42800.0,21.400000000000002,2023-12-15 12:00:00,41930.3,20.96515,-890.6651499999971
2023-12-15 16:00:00,42124.9,21.062450000000002,2023-12-15 20:00:00,41968.0,20.984,-177.88400000000146
2023-12-16 00:00:00,42354.5,21.17725,2023-12-16 04:00:00,42243.1,21.12155,-132.52155000000147
2023-12-16 08:00:00,42349.9,21.174950000000003,2023-12-16 20:00:00,42287.4,21.143700000000003,-83.6437
2023-12-18 20:00:00,42671.7,21.33585,2023-12-19 12:00:00,42512.8,21.256400000000003,-180.1563999999942
2023-12-20 12:00:00,44079.0,22.0395,2023-12-20 20:00:00,43708.9,21.85445,-391.95444999999853
2024-01-01 16:00:00,43556.2,21.7781,2024-01-02 20:00:00,44979.8,22.489900000000002,1401.1101000000058
2024-01-03 00:00:00,45297.8,22.6489,2024-01-03 04:00:00,45030.4,22.5152,-289.91520000000145
2024-01-06 16:00:00,43903.6,21.9518,2024-01-07 20:00:00,43916.9,21.958450000000003,-8.658449999997092
2024-01-08 08:00:00,44637.2,22.3186,2024-01-10 08:00:00,45530.2,22.7651,870.2349
2024-01-10 12:00:00,45569.0,22.7845,2024-01-11 16:00:00,46698.4,23.3492,1106.0508000000013
2024-01-16 12:00:00,43251.7,21.62585,2024-01-17 00:00:00,42842.1,21.42105,-431.0210499999985
2024-01-17 20:00:00,42783.4,21.3917,2024-01-18 00:00:00,42594.0,21.297,-210.69700000000145
2024-01-18 04:00:00,42918.3,21.45915,2024-01-18 08:00:00,42540.0,21.27,-399.5700000000029
2024-01-18 12:00:00,42618.9,21.309450000000002,2024-01-18 16:00:00,41014.2,20.507099999999998,-1625.2071000000044
2024-01-19 16:00:00,41818.5,20.90925,2024-01-20 00:00:00,41638.0,20.819,-201.319
2024-01-20 04:00:00,41652.4,20.8262,2024-01-20 08:00:00,41583.6,20.7918,-89.5918000000029
2024-01-20 20:00:00,41691.8,20.8459,2024-01-21 00:00:00,41677.4,20.838700000000003,-35.23870000000146
2024-01-21 08:00:00,41720.9,20.86045,2024-01-21 12:00:00,41652.8,20.826400000000003,-88.92639999999855
2024-01-26 08:00:00,41272.0,20.636,2024-01-31 20:00:00,42560.5,21.28025,1267.21975
2024-02-01 16:00:00,43206.3,21.603150000000003,2024-02-01 20:00:00,43072.6,21.5363,-155.23630000000438
2024-02-02 12:00:00,43222.9,21.61145,2024-02-03 08:00:00,42978.0,21.489,-266.38900000000143
2024-02-03 12:00:00,43097.4,21.5487,2024-02-03 20:00:00,42992.4,21.4962,-126.4962
2024-02-04 00:00:00,43015.7,21.507849999999998,2024-02-04 04:00:00,42822.9,21.411450000000002,-214.21144999999564
2024-02-04 08:00:00,43041.6,21.5208,2024-02-04 12:00:00,42926.7,21.46335,-136.36335000000145
2024-02-05 08:00:00,43180.8,21.590400000000002,2024-02-05 12:00:00,42629.7,21.31485,-572.4148500000058
2024-02-06 12:00:00,43232.0,21.616,2024-02-13 12:00:00,48753.1,24.376549999999998,5496.723449999999
2024-02-14 08:00:00,51601.2,25.8006,2024-02-17 08:00:00,51723.7,25.86185,96.63815
2024-02-25 04:00:00,51756.8,25.878400000000003,2024-02-25 12:00:00,51547.8,25.7739,-234.7739
2024-02-25 16:00:00,51708.0,25.854,2024-02-26 08:00:00,51126.4,25.563200000000002,-607.1631999999986
2024-02-26 12:00:00,52872.3,26.43615,2024-03-03 00:00:00,61997.1,30.99855,9093.801449999995
2024-03-03 20:00:00,63178.5,31.58925,2024-03-11 00:00:00,68657.4,34.3287,5444.571299999994
2024-03-11 04:00:00,71223.8,35.611900000000006,2024-03-12 16:00:00,71403.1,35.701550000000005,143.5984500000029
2024-03-18 08:00:00,68307.7,34.15385,2024-03-18 12:00:00,67509.2,33.754599999999996,-832.2546
2024-03-20 16:00:00,65821.6,32.9108,2024-03-22 16:00:00,63907.2,31.953599999999998,-1946.3536000000088
2024-03-24 20:00:00,67260.9,33.630449999999996,2024-03-27 12:00:00,68922.0,34.461,1626.6390000000058
2024-03-31 04:00:00,70366.5,35.18325,2024-04-01 08:00:00,69520.4,34.7602,-880.8602000000058
2024-04-04 20:00:00,68489.9,34.244949999999996,2024-04-05 04:00:00,66937.4,33.4687,-1585.9687
2024-04-05 12:00:00,68201.5,34.10075,2024-04-09 04:00:00,70444.0,35.222,2207.278
2024-04-09 08:00:00,70858.3,35.42915,2024-04-09 12:00:00,69322.8,34.6614,-1570.1614
2024-04-11 16:00:00,70491.4,35.2457,2024-04-12 12:00:00,69374.1,34.687050000000006,-1151.9870499999884
2024-04-18 12:00:00,63474.0,31.737000000000002,2024-04-19 00:00:00,61757.1,30.87855,-1747.7785500000014
2024-04-19 04:00:00,64519.6,32.2598,2024-04-19 16:00:00,64307.2,32.1536,-244.55360000000144
2024-04-20 12:00:00,64771.0,32.3855,2024-04-24 16:00:00,63960.9,31.98045,-842.0804499999986
2024-04-25 12:00:00,64091.7,32.04585,2024-04-26 00:00:00,64359.7,32.17985,235.82015
2024-04-29 12:00:00,63012.2,31.5061,2024-04-30 00:00:00,63627.1,31.81355,583.0864500000015
2024-05-02 12:00:00,59230.7,29.61535,2024-05-06 12:00:00,63599.8,31.7999,4337.300100000006
2024-05-09 16:00:00,62420.6,31.2103,2024-05-10 12:00:00,60893.8,30.446900000000003,-1557.2468999999955
2024-05-13 08:00:00,62700.0,31.35,2024-05-14 12:00:00,61749.9,30.874950000000002,-980.9749499999986
2024-05-15 12:00:00,64685.5,32.34275,2024-05-19 16:00:00,66002.9,33.00145,1284.3985499999942
2024-05-19 20:00:00,66239.4,33.119699999999995,2024-05-23 12:00:00,68103.0,34.0515,1829.5485000000058
2024-05-25 00:00:00,68772.5,34.386250000000004,2024-05-27 08:00:00,68462.9,34.231449999999995,-343.8314500000058
2024-05-27 12:00:00,70421.5,35.21075,2024-05-27 16:00:00,69298.0,34.649,-1158.149
2024-05-27 20:00:00,69461.6,34.7308,2024-05-28 00:00:00,68070.0,34.035000000000004,-1425.635000000006
2024-05-30 16:00:00,68705.0,34.3525,2024-05-31 12:00:00,67252.7,33.62635,-1485.926350000003
2024-05-31 16:00:00,67719.9,33.85995,2024-06-07 12:00:00,71150.0,35.575,3394.525000000006
2024-06-10 12:00:00,70090.9,35.045449999999995,2024-06-11 00:00:00,68472.3,34.23615,-1652.8361499999912
2024-06-12 12:00:00,69738.0,34.869,2024-06-12 16:00:00,67523.2,33.7616,-2248.5616000000027
2024-06-16 12:00:00,66690.4,33.3452,2024-06-16 16:00:00,66542.5,33.27125,-181.1712499999942
2024-06-16 20:00:00,66653.6,33.326800000000006,2024-06-17 00:00:00,66200.0,33.1,-486.70000000000584
2024-06-27 12:00:00,61570.5,30.78525,2024-06-28 16:00:00,60132.2,30.0661,-1468.366100000003
2024-06-29 00:00:00,60760.1,30.38005,2024-06-29 16:00:00,61056.5,30.52825,265.87175000000144
2024-06-30 04:00:00,61533.6,30.7668,2024-07-03 00:00:00,60983.5,30.49175,-580.5917499999986
2024-07-08 08:00:00,57137.3,28.56865,2024-07-08 12:00:00,55736.8,27.8684,-1428.3684
2024-07-09 00:00:00,57139.5,28.56975,2024-07-11 12:00:00,57382.8,28.6914,214.60860000000292
2024-07-13 12:00:00,58808.5,29.40425,2024-07-13 16:00:00,58596.6,29.2983,-241.19830000000147
2024-07-13 20:00:00,59174.0,29.587,2024-07-18 12:00:00,63500.1,31.75005,4294.349949999999
2024-07-19 00:00:00,64298.0,32.149,2024-07-19 04:00:00,63673.9,31.83695,-655.9369499999985
2024-07-19 08:00:00,64095.2,32.0476,2024-07-23 04:00:00,66550.0,33.275,2421.525000000003
2024-07-23 08:00:00,66641.0,33.3205,2024-07-23 12:00:00,66552.8,33.2764,-121.47639999999708
2024-07-26 12:00:00,67528.0,33.764,2024-07-27 20:00:00,67873.8,33.9369,311.86310000000293
2024-07-29 00:00:00,69323.1,34.661550000000005,2024-07-29 12:00:00,68067.2,34.0336,-1289.9336000000087
2024-08-07 04:00:00,56898.7,28.44935,2024-08-07 16:00:00,54739.9,27.369950000000003,-2186.1699499999954
2024-08-07 20:00:00,55102.9,27.551450000000003,2024-08-11 12:00:00,60100.0,30.05,4967.049999999998
2024-08-12 12:00:00,60171.2,30.0856,2024-08-14 12:00:00,59396.9,29.69845,-803.9984499999956
2024-08-18 08:00:00,59991.3,29.99565,2024-08-18 16:00:00,59671.9,29.83595,-349.2359500000015
2024-08-19 00:00:00,58696.6,29.3483,2024-08-19 04:00:00,58475.5,29.237750000000002,-250.33774999999855
2024-08-19 12:00:00,58505.0,29.2525,2024-08-22 16:00:00,60272.7,30.13635,1737.563649999997
2024-08-22 20:00:00,60349.9,30.174950000000003,2024-08-26 20:00:00,62807.6,31.4038,2426.296199999997
2024-08-31 00:00:00,59199.9,29.59995,2024-09-01 00:00:00,58501.6,29.250799999999998,-727.5508000000029
2024-09-02 20:00:00,59112.1,29.55605,2024-09-03 00:00:00,59087.9,29.543950000000002,-53.74394999999709
2024-09-09 00:00:00,55084.9,27.542450000000002,2024-09-11 12:00:00,56676.1,28.33805,1562.861949999997
2024-09-12 00:00:00,58197.9,29.098950000000002,2024-09-12 04:00:00,58101.8,29.050900000000002,-125.15089999999854
2024-09-13 16:00:00,59703.1,29.85155,2024-09-16 00:00:00,58546.5,29.27325,-1185.8732499999985
2024-09-17 12:00:00,61103.0,30.5515,2024-09-18 12:00:00,59400.1,29.70005,-1732.6000500000014
2024-09-18 16:00:00,60024.6,30.0123,2024-09-22 04:00:00,62909.3,31.45465,2853.2453500000042
2024-09-23 00:00:00,64320.1,32.16005,2024-09-24 12:00:00,63128.8,31.564400000000003,-1222.8643999999956
2024-09-24 16:00:00,64270.0,32.135,2024-09-24 20:00:00,64243.1,32.12155,-59.021550000001454
2024-09-26 12:00:00,65200.0,32.6,2024-09-30 00:00:00,64539.9,32.26995,-692.3699499999985
2024-10-04 16:00:00,62337.0,31.1685,2024-10-08 12:00:00,62259.9,31.12995,-108.22994999999855
2024-10-11 12:00:00,62218.0,31.109,2024-10-21 08:00:00,68250.9,34.12545,5998.774549999995
2024-10-24 12:00:00,67672.7,33.836349999999996,2024-10-25 04:00:00,67503.6,33.7518,-202.85179999999127
2024-10-25 08:00:00,68081.6,34.040800000000004,2024-10-25 12:00:00,67660.6,33.8303,-454.8303
2024-10-28 08:00:00,68731.1,34.365550000000006,2024-10-28 12:00:00,68459.1,34.22955,-306.22955
2024-10-28 16:00:00,69566.1,34.78305,2024-11-01 04:00:00,69301.0,34.6505,-299.75050000000584
2024-11-06 00:00:00,74367.1,37.183550000000004,2024-11-07 00:00:00,75062.9,37.53145,658.2685499999884
2024-11-07 16:00:00,76533.3,38.266650000000006,2024-11-15 12:00:00,88485.4,44.2427,11907.85729999999
2024-11-15 16:00:00,90418.4,45.209199999999996,2024-11-17 00:00:00,90294.9,45.14745,-168.64745
2024-11-17 04:00:00,90600.0,45.300000000000004,2024-11-17 12:00:00,90305.1,45.152550000000005,-340.0525499999942
2024-11-18 12:00:00,92407.8,46.203900000000004,2024-11-18 16:00:00,90657.8,45.328900000000004,-1795.3289
2024-11-19 12:00:00,92453.3,46.22665,2024-11-23 16:00:00,97562.4,48.7812,5060.318799999991
2024-11-24 00:00:00,98260.8,49.1304,2024-11-24 08:00:00,97337.6,48.668800000000005,-971.8687999999971
2024-11-27 16:00:00,96670.0,48.335,2024-11-27 20:00:00,95905.2,47.9526,-812.7526000000029
2024-11-28 20:00:00,95694.4,47.8472,2024-12-02 04:00:00,96053.6,48.0268,311.17320000001166
2024-12-03 12:00:00,95743.7,47.87185,2024-12-03 16:00:00,95512.7,47.75635,-278.75635
2024-12-04 20:00:00,98669.8,49.334900000000005,2024-12-05 20:00:00,97001.5,48.500750000000004,-1716.8007500000028
2024-12-06 16:00:00,101532.6,50.7663,2024-12-07 00:00:00,99383.0,49.6915,-2199.2915000000057
2024-12-07 04:00:00,99442.6,49.72130000000001,2024-12-09 12:00:00,97856.0,48.928000000000004,-1635.528000000006
2024-12-09 20:00:00,97349.1,48.67455,2024-12-10 00:00:00,96958.0,48.479,-439.5790000000058
2024-12-10 04:00:00,97217.7,48.60885,2024-12-10 12:00:00,95687.9,47.84395,-1577.6439500000029
2024-12-10 16:00:00,95862.9,47.93145,2024-12-18 04:00:00,104200.1,52.10005,8285.099950000013
2024-12-18 08:00:00,104978.6,52.48930000000001,2024-12-18 12:00:00,104395.1,52.19755000000001,-635.69755
2024-12-23 00:00:00,95989.9,47.994949999999996,2024-12-23 04:00:00,95360.5,47.68025,-677.0802499999942
2024-12-23 08:00:00,95899.4,47.9497,2024-12-23 12:00:00,93217.6,46.6088,-2728.4087999999883
2024-12-25 20:00:00,99379.7,49.68985,2024-12-26 00:00:00,98957.7,49.47885,-471.47885
2024-12-27 00:00:00,96377.8,48.188900000000004,2024-12-27 04:00:00,95074.4,47.5372,-1350.9372000000087
2024-12-27 08:00:00,96900.3,48.45015,2024-12-27 12:00:00,94539.9,47.26995,-2407.6699500000086
2024-12-27 16:00:00,94720.3,47.360150000000004,2024-12-28 12:00:00,94407.7,47.20385,-359.8038500000058
2024-12-28 16:00:00,94993.8,47.496900000000004,2024-12-29 12:00:00,94468.4,47.2342,-572.6342000000087
2024-12-31 12:00:00,95389.4,47.6947,2024-12-31 16:00:00,94155.8,47.0779,-1280.6778999999913
2025-01-01 16:00:00,94612.1,47.306050000000006,2025-01-07 12:00:00,97915.3,48.95765,3254.2423499999973
2025-01-10 08:00:00,95030.5,47.51525,2025-01-10 12:00:00,93704.0,46.852000000000004,-1373.352
2025-01-11 08:00:00,94570.4,47.285199999999996,2025-01-12 20:00:00,94499.9,47.24995,-117.74995
2025-01-13 16:00:00,92274.8,46.1374,2025-01-19 20:00:00,101311.5,50.65575,8986.044249999997
2025-01-20 00:00:00,101874.5,50.93725,2025-01-20 16:00:00,103674.2,51.8371,1747.8628999999971
2025-01-21 16:00:00,106989.9,53.494949999999996,2025-01-22 04:00:00,105063.8,52.5319,-1978.6318999999912
2025-01-22 08:00:00,105083.9,52.54195,2025-01-22 12:00:00,104138.0,52.069,-997.9689999999941
2025-01-22 16:00:00,104600.0,52.300000000000004,2025-01-22 20:00:00,103664.9,51.83245,-986.9324500000058
2025-01-23 12:00:00,105235.2,52.6176,2025-01-27 00:00:00,101349.2,50.6746,-3936.6746
2025-01-28 12:00:00,102730.6,51.365300000000005,2025-01-28 16:00:00,102368.7,51.18435,-413.0843500000087
2025-01-29 16:00:00,103550.5,51.77525,2025-02-01 20:00:00,100603.6,50.30180000000001,-2997.2017999999944
2025-02-07 12:00:00,98257.1,49.128550000000004,2025-02-07 16:00:00,96840.1,48.42005,-1465.42005
2025-02-10 00:00:00,96770.0,48.385,2025-02-11 16:00:00,94988.0,47.494,-1829.494
2025-02-11 20:00:00,95731.4,47.8657,2025-02-12 00:00:00,95251.4,47.625699999999995,-527.6257
2025-02-12 08:00:00,96062.4,48.0312,2025-02-12 12:00:00,95762.1,47.88105,-348.1810499999884
2025-02-12 20:00:00,97816.3,48.90815,2025-02-13 00:00:00,97463.4,48.7317,-401.6317000000087
2025-02-14 12:00:00,96886.5,48.44325,2025-02-17 08:00:00,96018.2,48.0091,-916.3091000000029
2025-02-21 08:00:00,98579.7,49.28985,2025-02-21 12:00:00,98057.6,49.028800000000004,-571.1287999999913
2025-03-01 20:00:00,86007.7,43.00385,2025-03-02 00:00:00,85811.9,42.90595,-238.7059500000029
2025-03-02 04:00:00,86191.4,43.0957,2025-03-03 16:00:00,85552.0,42.776,-682.1759999999941
2025-03-03 20:00:00,86192.7,43.09635,2025-03-04 00:00:00,83929.0,41.9645,-2305.664499999997
2025-03-14 12:00:00,84692.2,42.3461,2025-03-14 16:00:00,84508.1,42.25405000000001,-226.35404999999128
2025-03-15 12:00:00,84295.8,42.1479,2025-03-16 04:00:00,84242.0,42.121,-95.92100000000292
2025-03-16 12:00:00,83280.0,41.64,2025-03-16 16:00:00,83064.3,41.53215,-257.2321499999971
2025-03-17 16:00:00,84436.2,42.2181,2025-03-18 00:00:00,83107.6,41.5538,-1370.1537999999912
2025-03-18 04:00:00,83124.8,41.562400000000004,2025-03-18 08:00:00,82550.0,41.275,-616.0750000000029
2025-03-19 00:00:00,83008.4,41.5042,2025-03-20 16:00:00,84129.3,42.06465,1078.8353500000087
2025-03-21 00:00:00,84409.9,42.20495,2025-03-21 04:00:00,83889.6,41.9448,-562.2447999999883
2025-03-23 12:00:00,85148.0,42.574,2025-03-23 16:00:00,84966.7,42.48335,-223.7833500000029
2025-03-23 20:00:00,86044.2,43.0221,2025-03-24 20:00:00,87463.4,43.7317,1375.468299999997
